quantization,condition,n_tasks,n_trials,accuracy,ci95_low,ci95_high,mean_tokens,mean_seconds,accuracy_per_1000_tokens,accuracy_per_second,missing_answer_rate,safety_limit_rate
Q4_K_M,A_direct,4,4,0.0,,,10.75,0.2471724000001813,0.0,0.0,0.0,0.0
Q4_K_M,B_free,4,4,1.0,,,6467.0,128.12389222500042,0.15463120457708365,0.00780494553072025,0.0,0.0
Q4_K_M,C_fixed_budget1024,4,4,0.5,,,1031.25,18.920842800000173,0.48484848484848486,0.026425884157760426,0.0,0.0
Q4_K_M,C_fixed_budget256,4,4,0.0,,,263.0,5.032349099999465,0.0,0.0,0.0,0.0
Q4_K_M,C_fixed_budget512,4,4,0.25,,,519.5,9.47795625000026,0.48123195380173245,0.026376994512924995,0.0,0.0
Q4_K_M,D_generic_budget1024,4,4,0.5,,,1031.25,18.938976449999927,0.48484848484848486,0.026400581959644495,0.0,0.0
Q4_K_M,D_generic_budget256,4,4,0.0,,,263.0,4.801575550000052,0.0,0.0,0.0,0.0
Q4_K_M,D_generic_budget512,4,4,0.25,,,520.0,9.510298249999778,0.4807692307692308,0.026287293355916133,0.0,0.0
Q4_K_M,E_financial_budget1024,4,4,0.5,,,1031.25,18.957604774999936,0.48484848484848486,0.026374639936547664,0.0,0.0
Q4_K_M,E_financial_budget256,4,4,0.25,,,266.25,4.866855774999522,0.9389671361502347,0.05136786696746208,0.0,0.0
Q4_K_M,E_financial_budget512,4,4,0.5,,,520.0,9.499537124999506,0.9615384615384616,0.052634143476756615,0.0,0.0
Q4_K_M,F_adaptive,4,4,0.5,,,546.75,10.017458499999748,0.9144947416552355,0.049912859634009224,0.0,0.0
Q8_0,A_direct,4,4,0.0,,,10.75,0.38104120000002695,0.0,0.0,0.0,0.0
Q8_0,B_free,4,4,1.0,,,8010.0,256.70476445000054,0.12484394506866417,0.0038955256718453866,0.0,0.0
Q8_0,C_fixed_budget1024,4,4,0.5,,,1031.25,31.199925800000074,0.48484848484848486,0.0160256791379933,0.0,0.0
Q8_0,C_fixed_budget256,4,4,0.25,,,311.25,9.88834940000038,0.8032128514056225,0.025282278152508487,0.0,0.0
Q8_0,C_fixed_budget512,4,4,0.5,,,582.0,17.552981949999776,0.8591065292096219,0.028485188523765696,0.0,0.0
Q8_0,D_generic_budget1024,4,4,0.5,,,1031.5,31.265907550000065,0.4847309743092584,0.015991859478264175,0.0,0.0
Q8_0,D_generic_budget256,4,4,0.25,,,303.0,9.14874527500001,0.8250825082508251,0.027326151563444825,0.0,0.0
Q8_0,D_generic_budget512,4,4,0.25,,,519.25,15.670060775000593,0.4814636494944632,0.01595399045285391,0.0,0.0
Q8_0,E_financial_budget1024,4,4,0.75,,,1056.25,31.995149574999687,0.7100591715976331,0.023441053095936568,0.0,0.0
Q8_0,E_financial_budget256,4,4,0.25,,,263.25,7.964523624999629,0.949667616334283,0.03138919686486731,0.0,0.0
Q8_0,E_financial_budget512,4,4,0.25,,,567.75,17.141284324999333,0.44033465433729635,0.014584671443515638,0.0,0.0
Q8_0,F_adaptive,4,4,0.25,,,455.75,13.78297590000011,0.5485463521667581,0.01813831801011841,0.0,0.0
