quantization,first,second,n_tasks,n_pairs,accuracy_difference,ci95_low,ci95_high
Q4_K_M,E_financial_budget256,D_generic_budget256,60,120,0.0,-0.058333333333333334,0.058333333333333334
Q4_K_M,E_financial_budget512,D_generic_budget512,60,120,0.041666666666666664,0.0,0.09166666666666666
Q4_K_M,E_financial_budget1024,D_generic_budget1024,60,120,-0.016666666666666666,-0.058333333333333334,0.025
Q4_K_M,E_financial_budget256,C_fixed_budget256,60,120,0.016666666666666666,-0.041666666666666664,0.075
Q4_K_M,E_financial_budget512,C_fixed_budget512,60,120,-0.06666666666666667,-0.13333333333333333,0.0
Q4_K_M,E_financial_budget1024,C_fixed_budget1024,60,120,-0.041666666666666664,-0.09166666666666666,0.0
Q8_0,E_financial_budget256,D_generic_budget256,60,120,0.08333333333333333,0.025,0.15
Q8_0,E_financial_budget512,D_generic_budget512,60,120,0.05,0.0,0.1
Q8_0,E_financial_budget1024,D_generic_budget1024,60,120,-0.025,-0.058333333333333334,0.008333333333333333
Q8_0,E_financial_budget256,C_fixed_budget256,60,120,0.008333333333333333,-0.05,0.06666666666666667
Q8_0,E_financial_budget512,C_fixed_budget512,60,120,-0.016666666666666666,-0.09166666666666666,0.058333333333333334
Q8_0,E_financial_budget1024,C_fixed_budget1024,60,120,-0.03333333333333333,-0.08333333333333333,0.008333333333333333
