quantization,condition,accuracy,mean_tokens,mean_time_s,n,accuracy_pct,efficiency_acc_per_1k_tokens
Q4_K_M,A_direct,0.0,10.75,0.2471724000001813,4,0.0,0.0
Q4_K_M,B_free,0.75,6467.0,128.12389222500042,4,75.0,0.116
Q4_K_M,C_fixed_budget1024,0.5,1031.25,18.920842800000173,4,50.0,0.485
Q4_K_M,C_fixed_budget256,0.0,263.0,5.032349099999465,4,0.0,0.0
Q4_K_M,C_fixed_budget512,0.25,519.5,9.47795625000026,4,25.0,0.481
Q4_K_M,D_generic_budget1024,0.5,1031.25,18.938976449999927,4,50.0,0.485
Q4_K_M,D_generic_budget256,0.0,263.0,4.801575550000052,4,0.0,0.0
Q4_K_M,D_generic_budget512,0.25,520.0,9.510298249999778,4,25.0,0.481
Q4_K_M,E_financial_budget1024,0.5,1031.25,18.957604774999936,4,50.0,0.485
Q4_K_M,E_financial_budget256,0.25,266.25,4.866855774999522,4,25.0,0.939
Q4_K_M,E_financial_budget512,0.5,520.0,9.499537124999506,4,50.0,0.962
Q4_K_M,F_adaptive,0.5,546.75,10.017458499999748,4,50.0,0.914
Q8_0,A_direct,0.0,10.75,0.38104120000002695,4,0.0,0.0
Q8_0,B_free,0.75,8010.0,256.70476445000054,4,75.0,0.094
Q8_0,C_fixed_budget1024,0.5,1031.25,31.199925800000074,4,50.0,0.485
Q8_0,C_fixed_budget256,0.25,311.25,9.88834940000038,4,25.0,0.803
Q8_0,C_fixed_budget512,0.5,582.0,17.552981949999776,4,50.0,0.859
Q8_0,D_generic_budget1024,0.5,1031.5,31.265907550000065,4,50.0,0.485
Q8_0,D_generic_budget256,0.25,303.0,9.14874527500001,4,25.0,0.825
Q8_0,D_generic_budget512,0.25,519.25,15.670060775000593,4,25.0,0.481
Q8_0,E_financial_budget1024,0.75,1056.25,31.995149574999687,4,75.0,0.71
Q8_0,E_financial_budget256,0.25,263.25,7.964523624999629,4,25.0,0.95
Q8_0,E_financial_budget512,0.25,567.75,17.141284324999333,4,25.0,0.44
Q8_0,F_adaptive,0.25,455.75,13.78297590000011,4,25.0,0.549
